---
title: "Extract"
excerpt: ""
categories:
  - SQL_Basic_Grammer
last_modified_at: 2021-12-06

toc: true
toc_label: "Table Of Contents"
toc_icon: "cog"
toc_sticky: true

use_math: true
typora-root-url: ../../../../hana-dool.github.io
---

# [Extract](#link){: .btn .btn--primary}{: .align-center}

> ## 기본 구조

```
EXTRACT(unit FROM date)
```

- 기본적으로 date (시간) 으로부터 갖가지 정보를 추출합니다. 
- The `unit` 은 `date` 로부터 어떠한 정보를 뽑아낼지를 지정하는 unit 입니다.
  - DAY
  - DAY_HOUR
  - DAY_MICROSECOND
  - DAY_MINUTE
  - DAY_SECOND
  - HOUR
  - HOUR_MICROSECOND
  - HOUR_MINUTE
  - HOUR_SECOND
  - MICROSECOND
  - MINUTE
  - MINUTE_MICROSECOND
  - MINUTE_SECOND
  - MONTH
  - QUARTER
  - SECOND
  - SECOND_MICROSECOND
  - WEEK
  - YEAR
  - YEAR_MONTH
- The `date` 눈 `DATE` or `DATETIME` value 여야 합니다.

> ## Example

Extract day from a datetime:

```
mysql> SELECT EXTRACT(DAY FROM '2017-07-14 09:04:44') DAY;
+------+
| DAY  |
+------+
|   14 |
+------+
1 row in set (0.00 sec)
Code language: SQL (Structured Query Language) (sql)
```

Extract day_hour from a datetime:

```
mysql> SELECT EXTRACT(DAY_HOUR FROM '2017-07-14 09:04:44') DAYHOUR;
+---------+
| DAYHOUR |
+---------+
|    1409 |
+---------+
1 row in set (0.00 sec)
Code language: SQL (Structured Query Language) (sql)
```

Extract day_microsecond from a datetime:

```
mysql> SELECT EXTRACT(DAY_MICROSECOND FROM '2017-07-14 09:04:44') DAY_MS;
+----------------+
| DAY_MS         |
+----------------+
| 14090444000000 |
+----------------+
1 row in set (0.00 sec)
Code language: SQL (Structured Query Language) (sql)
```

Extract day_minute from a datetime:

```
mysql> SELECT EXTRACT(DAY_MINUTE FROM '2017-07-14 09:04:44') DAY_M;
+--------+
| DAY_M  |
+--------+
| 140904 |
+--------+
1 row in set (0.00 sec)
Code language: SQL (Structured Query Language) (sql)
```

Extract day_second from a datetime

```
mysql> SELECT EXTRACT(DAY_SECOND FROM '2017-07-14 09:04:44') DAY_S;
+----------+
| DAY_S    |
+----------+
| 14090444 |
+----------+
1 row in set (0.00 sec)
Code language: SQL (Structured Query Language) (sql)
```

Extract hour from a datetime:

```
mysql> SELECT EXTRACT(HOUR FROM '2017-07-14 09:04:44') HOUR;
+------+
| HOUR |
+------+
|    9 |
+------+
1 row in set (0.00 sec)
Code language: SQL (Structured Query Language) (sql)
```

Extract hour_microsecond from a datetime:

```
mysql> SELECT EXTRACT(HOUR_MICROSECOND FROM '2017-07-14 09:04:44') HOUR_MS;
+-------------+
| HOUR_MS     |
+-------------+
| 90444000000 |
+-------------+
1 row in set (0.00 sec)
Code language: SQL (Structured Query Language) (sql)
```

Extract hour_minute from a datetime:

```
mysql> SELECT EXTRACT(HOUR_MINUTE FROM '2017-07-14 09:04:44') HOUR_M;
+--------+
| HOUR_M |
+--------+
|    904 |
+--------+
1 row in set (0.00 sec)
Code language: SQL (Structured Query Language) (sql)
```

Extract hour_second from a datetime:

```
mysql> SELECT EXTRACT(HOUR_SECOND FROM '2017-07-14 09:04:44') HOUR_S;
+--------+
| HOUR_S |
+--------+
|  90444 |
+--------+
1 row in set (0.00 sec)
Code language: SQL (Structured Query Language) (sql)
```

Extract microsecond from a datetime:

```
mysql> SELECT EXTRACT(MICROSECOND FROM '2017-07-14 09:04:44') MICROSECOND;
+-------------+
| MICROSECOND |
+-------------+
|           0 |
+-------------+
1 row in set (0.00 sec)
Code language: SQL (Structured Query Language) (sql)
```

Extract minute from a datetime:

```
mysql> SELECT EXTRACT(MINUTE FROM '2017-07-14 09:04:44') MINUTE;
+--------+
| MINUTE |
+--------+
|      4 |
+--------+
1 row in set (0.00 sec)
Code language: SQL (Structured Query Language) (sql)
```

Extract minute_microsecond from a datetime:

```
mysql> SELECT EXTRACT(MINUTE_MICROSECOND FROM '2017-07-14 09:04:44') MINUTE_MS;
+-----------+
| MINUTE_MS |
+-----------+
| 444000000 |
+-----------+
1 row in set (0.00 sec)
Code language: SQL (Structured Query Language) (sql)
```

Extract minute_second from a datetime:

```
mysql> SELECT EXTRACT(MINUTE_SECOND FROM '2017-07-14 09:04:44') MINUTE_S;
+----------+
| MINUTE_S |
+----------+
|      444 |
+----------+
1 row in set (0.00 sec)
Code language: SQL (Structured Query Language) (sql)
```

Extract month from a datetime:

```
mysql> SELECT EXTRACT(MONTH FROM '2017-07-14 09:04:44') MONTH;
+-------+
| MONTH |
+-------+
|     7 |
+-------+
1 row in set (0.00 sec)
Code language: SQL (Structured Query Language) (sql)
```

Extract quarter from a datetime:

```
mysql> SELECT EXTRACT(QUARTER FROM '2017-07-14 09:04:44') QUARTER;
+---------+
| QUARTER |
+---------+
|       3 |
+---------+
1 row in set (0.00 sec)
Code language: SQL (Structured Query Language) (sql)
```

Extract second from a datetime:

```
mysql> SELECT EXTRACT(SECOND FROM '2017-07-14 09:04:44') SECOND;
+--------+
| SECOND |
+--------+
|     44 |
+--------+
1 row in set (0.00 sec)
Code language: SQL (Structured Query Language) (sql)
```

Extract second_microsecond from a datetime:

```
mysql> SELECT EXTRACT(SECOND_MICROSECOND FROM '2017-07-14 09:04:44') SECOND_MS;
+-----------+
| SECOND_MS |
+-----------+
|  44000000 |
+-----------+
1 row in set (0.00 sec)
Code language: SQL (Structured Query Language) (sql)
```

Extract week from a datetime:

```
mysql> SELECT EXTRACT(WEEK FROM '2017-07-14 09:04:44') WEEK;
+------+
| WEEK |
+------+
|   28 |
+------+
1 row in set (0.00 sec)
Code language: SQL (Structured Query Language) (sql)
```

Extract year from a datetime:

```
mysql> SELECT EXTRACT(YEAR FROM '2017-07-14 09:04:44') YEAR;
+------+
| YEAR |
+------+
| 2017 |
+------+
1 row in set (0.00 sec)
Code language: SQL (Structured Query Language) (sql)
```

Extract year_month from a datetime

```
mysql> SELECT EXTRACT(YEAR_MONTH FROM '2017-07-14 09:04:44') YEARMONTH;
+-----------+
| YEARMONTH |
+-----------+
|    201707 |
+-----------+
1 row in set (0.00 sec)
```





